{
  "rmse": 0.7866401687565459,
  "r2": 0.48972542644501305,
  "mae": 0.604396582714064,
  "intercept": 3.306776865236787,
  "coefficients": {
    "GDP_dollar": 0.8679123909798441,
    "dollar_ex": 0.021654317397550634,
    "year": 0.23895514224245654
  }
}