{
  "rmse": 0.8176024904172883,
  "r2": 0.5060672525419494,
  "mae": 0.6294792097379119,
  "intercept": 3.645033884329687,
  "coefficients": {
    "GDP_dollar": 0.9071795636676878,
    "dollar_ex": -0.025428251692396868,
    "year": -0.05762374610638483
  }
}